<?xml version='1.0' encoding='UTF-8'?>
<definitions xmlns="http://www.omg.org/spec/BPMN/20100524/MODEL" xmlns:xsi="http://www.w3.org/2001/XMLSchema-instance" xmlns:xsd="http://www.w3.org/2001/XMLSchema" xmlns:activiti="http://activiti.org/bpmn" xmlns:bpmndi="http://www.omg.org/spec/BPMN/20100524/DI" xmlns:omgdc="http://www.omg.org/spec/DD/20100524/DC" xmlns:omgdi="http://www.omg.org/spec/DD/20100524/DI" typeLanguage="http://www.w3.org/2001/XMLSchema" expressionLanguage="http://www.w3.org/1999/XPath" targetNamespace="http://www.activiti.org/processdef" xmlns:modeler="http://activiti.com/modeler" modeler:version="1.0en" modeler:exportDateTime="20180613135924796" modeler:modelId="5006" modeler:modelVersion="21" modeler:modelLastUpdated="1528890549379">
  <process id="Booking" name="Booking" isExecutable="true">
    <startEvent id="startEvent1" activiti:formKey="5008">
      <extensionElements>
        <modeler:form-reference-id><![CDATA[5008]]></modeler:form-reference-id>
        <modeler:form-reference-name><![CDATA[Start]]></modeler:form-reference-name>
        <modeler:editor-resource-id><![CDATA[startEvent1]]></modeler:editor-resource-id>
      </extensionElements>
    </startEvent>
    <serviceTask id="sid-9CF87459-B95C-46EC-B755-0B9AAF0949B7" name="Booking document" activiti:async="true" activiti:delegateExpression="${activiti_generateDocumentDelegate}">
      <extensionElements>
        <activiti:field name="outputFormat">
          <activiti:string><![CDATA[pdf]]></activiti:string>
        </activiti:field>
        <activiti:field name="templateId">
          <activiti:string><![CDATA[3003]]></activiti:string>
        </activiti:field>
        <activiti:field name="templateName">
          <activiti:string><![CDATA[Booking-example.docx]]></activiti:string>
        </activiti:field>
        <activiti:field name="fileName">
          <activiti:string><![CDATA[Booking confirmation]]></activiti:string>
        </activiti:field>
        <activiti:field name="variableName">
          <activiti:string><![CDATA[vars]]></activiti:string>
        </activiti:field>
        <activiti:field name="additionalDataSources">
          <activiti:string><![CDATA[${weatherService.getWeatherOfCity(city_LABEL)}, ${recommendationService.getRecommendations(city_LABEL)}]]></activiti:string>
        </activiti:field>
        <activiti:field name="additionalDataSourceNames">
          <activiti:string><![CDATA[weather, recommendations]]></activiti:string>
        </activiti:field>
        <modeler:executionvariables modeler:variableName="vars" modeler:variableType="document"/>
        <modeler:editor-resource-id><![CDATA[sid-9CF87459-B95C-46EC-B755-0B9AAF0949B7]]></modeler:editor-resource-id>
      </extensionElements>
    </serviceTask>
    <endEvent id="sid-11516133-80CE-4572-9181-308A942611C4">
      <extensionElements>
        <modeler:editor-resource-id><![CDATA[sid-11516133-80CE-4572-9181-308A942611C4]]></modeler:editor-resource-id>
      </extensionElements>
    </endEvent>
    <sequenceFlow id="sid-2930345D-92AD-472F-8DD6-467652963F40" sourceRef="sid-9CF87459-B95C-46EC-B755-0B9AAF0949B7" targetRef="sid-11516133-80CE-4572-9181-308A942611C4">
      <extensionElements>
        <modeler:editor-resource-id><![CDATA[sid-2930345D-92AD-472F-8DD6-467652963F40]]></modeler:editor-resource-id>
      </extensionElements>
    </sequenceFlow>
    <userTask id="sid-68E52983-14FC-4D80-BBE0-7951A88A5494" name="Confirm Booking" activiti:assignee="$INITIATOR" activiti:formKey="5009">
      <extensionElements>
        <modeler:allow-send-email><![CDATA[true]]></modeler:allow-send-email>
        <modeler:form-reference-id><![CDATA[5009]]></modeler:form-reference-id>
        <modeler:form-reference-name><![CDATA[Confirm]]></modeler:form-reference-name>
        <modeler:activiti-idm-initiator><![CDATA[true]]></modeler:activiti-idm-initiator>
        <modeler:editor-resource-id><![CDATA[sid-68E52983-14FC-4D80-BBE0-7951A88A5494]]></modeler:editor-resource-id>
      </extensionElements>
    </userTask>
    <sequenceFlow id="sid-FFC79F5B-3714-4E0D-9648-029D7084F5B4" sourceRef="startEvent1" targetRef="sid-68E52983-14FC-4D80-BBE0-7951A88A5494">
      <extensionElements>
        <modeler:editor-resource-id><![CDATA[sid-FFC79F5B-3714-4E0D-9648-029D7084F5B4]]></modeler:editor-resource-id>
      </extensionElements>
    </sequenceFlow>
    <sequenceFlow id="sid-46AB751E-DFA1-4D5A-9F7D-AE4303BDFBBE" sourceRef="sid-68E52983-14FC-4D80-BBE0-7951A88A5494" targetRef="sid-9CF87459-B95C-46EC-B755-0B9AAF0949B7">
      <extensionElements>
        <modeler:editor-resource-id><![CDATA[sid-46AB751E-DFA1-4D5A-9F7D-AE4303BDFBBE]]></modeler:editor-resource-id>
      </extensionElements>
    </sequenceFlow>
  </process>
  <bpmndi:BPMNDiagram id="BPMNDiagram_Booking">
    <bpmndi:BPMNPlane bpmnElement="Booking" id="BPMNPlane_Booking">
      <bpmndi:BPMNShape bpmnElement="startEvent1" id="BPMNShape_startEvent1">
        <omgdc:Bounds height="30.0" width="30.0" x="45.0" y="163.0"/>
      </bpmndi:BPMNShape>
      <bpmndi:BPMNShape bpmnElement="sid-9CF87459-B95C-46EC-B755-0B9AAF0949B7" id="BPMNShape_sid-9CF87459-B95C-46EC-B755-0B9AAF0949B7">
        <omgdc:Bounds height="80.0" width="100.0" x="360.0" y="138.0"/>
      </bpmndi:BPMNShape>
      <bpmndi:BPMNShape bpmnElement="sid-11516133-80CE-4572-9181-308A942611C4" id="BPMNShape_sid-11516133-80CE-4572-9181-308A942611C4">
        <omgdc:Bounds height="28.0" width="28.0" x="585.0" y="164.0"/>
      </bpmndi:BPMNShape>
      <bpmndi:BPMNShape bpmnElement="sid-68E52983-14FC-4D80-BBE0-7951A88A5494" id="BPMNShape_sid-68E52983-14FC-4D80-BBE0-7951A88A5494">
        <omgdc:Bounds height="80.0" width="100.0" x="150.0" y="138.0"/>
      </bpmndi:BPMNShape>
      <bpmndi:BPMNEdge bpmnElement="sid-46AB751E-DFA1-4D5A-9F7D-AE4303BDFBBE" id="BPMNEdge_sid-46AB751E-DFA1-4D5A-9F7D-AE4303BDFBBE">
        <omgdi:waypoint x="250.0" y="178.0"/>
        <omgdi:waypoint x="360.0" y="178.0"/>
      </bpmndi:BPMNEdge>
      <bpmndi:BPMNEdge bpmnElement="sid-2930345D-92AD-472F-8DD6-467652963F40" id="BPMNEdge_sid-2930345D-92AD-472F-8DD6-467652963F40">
        <omgdi:waypoint x="460.0" y="178.0"/>
        <omgdi:waypoint x="585.0" y="178.0"/>
      </bpmndi:BPMNEdge>
      <bpmndi:BPMNEdge bpmnElement="sid-FFC79F5B-3714-4E0D-9648-029D7084F5B4" id="BPMNEdge_sid-FFC79F5B-3714-4E0D-9648-029D7084F5B4">
        <omgdi:waypoint x="75.0" y="178.0"/>
        <omgdi:waypoint x="150.0" y="178.0"/>
      </bpmndi:BPMNEdge>
    </bpmndi:BPMNPlane>
  </bpmndi:BPMNDiagram>
</definitions>