{"resourceId":5006,"properties":{"process_id":"Booking","name":"Booking","documentation":"","process_author":"","process_version":"","process_namespace":"http://www.activiti.org/processdef","executionlisteners":"","eventlisteners":"","signaldefinitions":"","messagedefinitions":"","executionvariables":"","metadata":""},"stencil":{"id":"BPMNDiagram"},"childShapes":[{"resourceId":"startEvent1","properties":{"overrideid":"","name":"","documentation":"","executionlisteners":"","initiator":"","formkeydefinition":"","formreference":{"id":5008,"name":"Start","referenceId":5006},"fieldstovariables":"","formproperties":""},"stencil":{"id":"StartNoneEvent"},"childShapes":[],"outgoing":[{"resourceId":"sid-FFC79F5B-3714-4E0D-9648-029D7084F5B4"}],"bounds":{"lowerRight":{"x":75,"y":193},"upperLeft":{"x":45,"y":163}},"dockers":[]},{"resourceId":"sid-9CF87459-B95C-46EC-B755-0B9AAF0949B7","properties":{"overrideid":"","name":"Booking document","documentation":"","generatedocumenttemplate":{"id":3003,"name":"Booking-example.docx"},"generatedocumenttaskoutputformat":"","executionvariable_document":{"variableName":"vars","variableType":"document"},"generatedocumentfilename":"Booking confirmation","additionaldatasources_document":"${weatherService.getWeatherOfCity(city_LABEL)}, ${recommendationService.getRecommendations(city_LABEL)}","additionaldatasourcenames_document":"weather, recommendations"},"stencil":{"id":"GenerateDocumentTask"},"childShapes":[],"outgoing":[{"resourceId":"sid-2930345D-92AD-472F-8DD6-467652963F40"}],"bounds":{"lowerRight":{"x":460,"y":218},"upperLeft":{"x":360,"y":138}},"dockers":[]},{"resourceId":"sid-11516133-80CE-4572-9181-308A942611C4","properties":{"overrideid":"","name":"","documentation":"","executionlisteners":""},"stencil":{"id":"EndNoneEvent"},"childShapes":[],"outgoing":[],"bounds":{"lowerRight":{"x":613,"y":192},"upperLeft":{"x":585,"y":164}},"dockers":[]},{"resourceId":"sid-2930345D-92AD-472F-8DD6-467652963F40","properties":{"overrideid":"","name":"","documentation":"","conditionsequenceflow":"","executionlisteners":"","defaultflow":"false"},"stencil":{"id":"SequenceFlow"},"childShapes":[],"outgoing":[{"resourceId":"sid-11516133-80CE-4572-9181-308A942611C4"}],"bounds":{"lowerRight":{"x":584.7109375,"y":178},"upperLeft":{"x":460.46484375,"y":178}},"dockers":[{"x":50,"y":40},{"x":14,"y":14}],"target":{"resourceId":"sid-11516133-80CE-4572-9181-308A942611C4"}},{"resourceId":"sid-68E52983-14FC-4D80-BBE0-7951A88A5494","properties":{"overrideid":"","name":"Confirm Booking","documentation":"","asynchronousdefinition":"false","exclusivedefinition":"false","executionlisteners":"","multiinstance_type":"None","multiinstance_cardinality":"","multiinstance_collection":"","multiinstance_variable":"","multiinstance_condition":"","isforcompensation":"false","usertasksendemail":true,"usertaskassignment":"","formkeydefinition":"","formreference":{"id":5009,"name":"Confirm","referenceId":5006},"fieldstovariables":"","duedatedefinition":"","prioritydefinition":"","categorydefinition":"","formproperties":"","tasklisteners":"","emailtemplate":""},"stencil":{"id":"UserTask"},"childShapes":[],"outgoing":[{"resourceId":"sid-46AB751E-DFA1-4D5A-9F7D-AE4303BDFBBE"}],"bounds":{"lowerRight":{"x":250,"y":218},"upperLeft":{"x":150,"y":138}},"dockers":[]},{"resourceId":"sid-FFC79F5B-3714-4E0D-9648-029D7084F5B4","properties":{"overrideid":"","name":"","documentation":"","conditionsequenceflow":"","executionlisteners":"","defaultflow":"false"},"stencil":{"id":"SequenceFlow"},"childShapes":[],"outgoing":[{"resourceId":"sid-68E52983-14FC-4D80-BBE0-7951A88A5494"}],"bounds":{"lowerRight":{"x":149.78125,"y":178},"upperLeft":{"x":75.21875,"y":178}},"dockers":[{"x":15,"y":15},{"x":50,"y":40}],"target":{"resourceId":"sid-68E52983-14FC-4D80-BBE0-7951A88A5494"}},{"resourceId":"sid-46AB751E-DFA1-4D5A-9F7D-AE4303BDFBBE","properties":{"overrideid":"","name":"","documentation":"","conditionsequenceflow":"","executionlisteners":"","defaultflow":"false"},"stencil":{"id":"SequenceFlow"},"childShapes":[],"outgoing":[{"resourceId":"sid-9CF87459-B95C-46EC-B755-0B9AAF0949B7"}],"bounds":{"lowerRight":{"x":359.78125,"y":178},"upperLeft":{"x":250.21875,"y":178}},"dockers":[{"x":50,"y":40},{"x":50,"y":40}],"target":{"resourceId":"sid-9CF87459-B95C-46EC-B755-0B9AAF0949B7"}}],"bounds":{"lowerRight":{"x":1200,"y":1050},"upperLeft":{"x":0,"y":0}},"stencilset":{"url":"stencilsets/bpmn2.0/bpmn2.0.json","namespace":"http://b3mn.org/stencilset/bpmn2.0#"},"ssextensions":[]}