{"resourceId":5,"properties":{"process_id":"InvoiceApprovalProcess","name":"Invoice Approval Process","documentation":"This is a simple invoice approval process that allows a person to assign a dedicated approver for the the invoice. It will then be routed to the Accounting department for payment preparation. Once payment is prepared the invoice will be stored in a specific folder and an email notification will be sent.","process_author":"","process_version":"","process_namespace":"http://www.activiti.org/processdef","executionlisteners":"{\"executionListeners\":[]}","eventlisteners":"{\"eventListeners\":[]}","signaldefinitions":"[]","messagedefinitions":"[]","executionvariables":"","metadata":""},"stencil":{"id":"BPMNDiagram"},"childShapes":[{"resourceId":"startEvent1","properties":{"overrideid":"startInvoiceProcess","name":"Start Invoice Process","documentation":"","executionlisteners":{"executionListeners":[]},"initiator":"","formkeydefinition":"","formreference":{"id":3,"name":"Start Invoice Approval Form"},"fieldstovariables":"","formproperties":"","asynchronousdefinition":false,"exclusivedefinition":false},"stencil":{"id":"StartNoneEvent"},"childShapes":[],"outgoing":[{"resourceId":"sid-E8390411-BE83-4854-A63F-A12927F29D86"}],"bounds":{"lowerRight":{"x":105,"y":306},"upperLeft":{"x":75,"y":276}},"dockers":[]},{"resourceId":"sid-0B19FE33-967B-4C3A-8DC4-E7D7C6B7069A","properties":{"overrideid":"approveInvoice","name":"Approve Invoice","documentation":"","asynchronousdefinition":false,"exclusivedefinition":false,"executionlisteners":{"executionListeners":[]},"multiinstance_type":"None","multiinstance_cardinality":"","multiinstance_collection":"","multiinstance_variable":"","multiinstance_condition":"","isforcompensation":false,"usertasksendemail":true,"usertaskassignment":{"assignment":{"type":"idm","idm":{"assigneeField":{"id":"approver","name":"Approver"},"type":"user"},"initiatorCanCompleteTask":false}},"formkeydefinition":"","formreference":{"id":4,"name":"Approve Invoice"},"fieldstovariables":"","duedatedefinition":"","prioritydefinition":"","categorydefinition":"","formproperties":"","tasklisteners":{"taskListeners":[{"event":"create","className":"org.activiti.engine.impl.bpmn.listener.ScriptTaskListener","fields":[{"name":"script","stringValue":"var execution = task.getExecution();  var invoiceFileName = ' - [INVOICE]';  execution.setVariable('invoiceFileName', invoiceFileName);  task.name  = \"Approve Invoice \" +  invoiceFileName;"},{"name":"language","stringValue":"javascript"}]}]},"emailtemplate":""},"stencil":{"id":"UserTask"},"childShapes":[],"outgoing":[{"resourceId":"sid-39DF518F-67D6-4026-A426-5CB473AA8812"}],"bounds":{"lowerRight":{"x":280,"y":331},"upperLeft":{"x":180,"y":251}},"dockers":[]},{"resourceId":"sid-CAB02718-6E2B-43BC-9BE3-56051673765D","properties":{"overrideid":"sid-CAB02718-6E2B-43BC-9BE3-56051673765D","name":"","documentation":"","asynchronousdefinition":false,"exclusivedefinition":false,"sequencefloworder":"","executionlisteners":{"executionListeners":[]}},"stencil":{"id":"ExclusiveGateway"},"childShapes":[],"outgoing":[{"resourceId":"sid-E1BE5653-D85F-4688-AA53-7BDBA385C628"},{"resourceId":"sid-E3E736B6-8B7F-405C-844B-816AD6858A05"}],"bounds":{"lowerRight":{"x":420,"y":311},"upperLeft":{"x":380,"y":271}},"dockers":[]},{"resourceId":"sid-7881C278-D026-4861-A145-9482D5812195","properties":{"overrideid":"clarifyInvoice","name":"Clarify Invoice","documentation":"","asynchronousdefinition":false,"exclusivedefinition":false,"executionlisteners":{"executionListeners":[]},"multiinstance_type":"None","multiinstance_cardinality":"","multiinstance_collection":"","multiinstance_variable":"","multiinstance_condition":"","isforcompensation":false,"usertasksendemail":true,"usertaskassignment":{"assignment":{"type":"idm","idm":{"type":"initiator"},"initiatorCanCompleteTask":false}},"formkeydefinition":"","formreference":{"id":2,"name":"Clarify Invoice","referenceId":5},"fieldstovariables":"","duedatedefinition":"","prioritydefinition":"","categorydefinition":"","formproperties":"","tasklisteners":{"taskListeners":[{"event":"create","className":"org.activiti.engine.impl.bpmn.listener.ScriptTaskListener","fields":[{"name":"script","stringValue":"task.name = task.getExecution().getVariable('invoiceFileName');"},{"name":"language","stringValue":"javascript"}]}]},"emailtemplate":""},"stencil":{"id":"UserTask"},"childShapes":[],"outgoing":[{"resourceId":"sid-4FB987CC-35CD-48BB-98DF-AA9927277F57"}],"bounds":{"lowerRight":{"x":450,"y":190},"upperLeft":{"x":350,"y":110}},"dockers":[]},{"resourceId":"sid-DDA7657B-723B-4ECE-A4FC-EBD2221875DD","properties":{"overrideid":"sid-DDA7657B-723B-4ECE-A4FC-EBD2221875DD","name":"End Process","documentation":"","executionlisteners":{"executionListeners":[]},"asynchronousdefinition":false,"exclusivedefinition":false},"stencil":{"id":"EndNoneEvent"},"childShapes":[],"outgoing":[],"bounds":{"lowerRight":{"x":838,"y":305},"upperLeft":{"x":810,"y":277}},"dockers":[]},{"resourceId":"sid-C0AD2F51-A40A-429B-B58A-504174CD87EF","properties":{"overrideid":"sid-C0AD2F51-A40A-429B-B58A-504174CD87EF","name":"","documentation":"","asynchronousdefinition":false,"exclusivedefinition":false,"sequencefloworder":"","executionlisteners":{"executionListeners":[]}},"stencil":{"id":"ExclusiveGateway"},"childShapes":[],"outgoing":[{"resourceId":"sid-14B86B2F-7531-431F-8E05-3C010FE7D0CF"},{"resourceId":"sid-CD9B2EFC-E410-4F5F-A3CD-B4F0C2E1FE42"}],"bounds":{"lowerRight":{"x":618.5,"y":170},"upperLeft":{"x":578.5,"y":130}},"dockers":[]},{"resourceId":"sid-4FB987CC-35CD-48BB-98DF-AA9927277F57","properties":{"overrideid":"sid-4FB987CC-35CD-48BB-98DF-AA9927277F57","name":"","documentation":"","conditionsequenceflow":"","executionlisteners":{"executionListeners":[]},"defaultflow":"false"},"stencil":{"id":"SequenceFlow"},"childShapes":[],"outgoing":[{"resourceId":"sid-C0AD2F51-A40A-429B-B58A-504174CD87EF"}],"bounds":{"lowerRight":{"x":578.890625,"y":150},"upperLeft":{"x":450.625,"y":150}},"dockers":[{"x":50,"y":40},{"x":20,"y":20}],"target":{"resourceId":"sid-C0AD2F51-A40A-429B-B58A-504174CD87EF"}},{"resourceId":"sid-E1BE5653-D85F-4688-AA53-7BDBA385C628","properties":{"overrideid":"sid-E1BE5653-D85F-4688-AA53-7BDBA385C628","name":"Rejected","documentation":"","conditionsequenceflow":{"expression":{"index":"0","outcomeFormId":"4","outcomeFormName":"Approve Invoice","rightOutcomeName":"Reject","operator":"==","type":"variables"}},"executionlisteners":{"executionListeners":[]},"defaultflow":"false"},"stencil":{"id":"SequenceFlow"},"childShapes":[],"outgoing":[{"resourceId":"sid-7881C278-D026-4861-A145-9482D5812195"}],"bounds":{"lowerRight":{"x":400,"y":271.2734375},"upperLeft":{"x":400,"y":190.65625}},"dockers":[{"x":20,"y":20},{"x":50,"y":40}],"target":{"resourceId":"sid-7881C278-D026-4861-A145-9482D5812195"}},{"resourceId":"sid-A1F0D372-C9AE-4C09-8E73-259B8DEE7984","properties":{"overrideid":"preparePayment","name":"Prepare Payment","documentation":"","asynchronousdefinition":false,"exclusivedefinition":false,"executionlisteners":{"executionListeners":[]},"multiinstance_type":"None","multiinstance_cardinality":"","multiinstance_collection":"","multiinstance_variable":"","multiinstance_condition":"","isforcompensation":false,"usertasksendemail":true,"usertaskassignment":{"assignment":{"type":"idm","idm":{"type":"initiator"},"initiatorCanCompleteTask":false}},"formkeydefinition":"","formreference":{"id":1,"name":"Prepare Payment"},"fieldstovariables":"","duedatedefinition":"","prioritydefinition":"","categorydefinition":"","formproperties":"","tasklisteners":{"taskListeners":[{"event":"create","className":"org.activiti.engine.impl.bpmn.listener.ScriptTaskListener","fields":[{"name":"script","stringValue":"var execution = task.getExecution();\nvar isEscalated = execution.getVariable('preparePaymentEscalated');\nvar invoiceFileName = execution.getVariable('invoiceFileName');\nvar taskDescription = \"Prepare Payment for \" + invoiceFileName;\nif (typeof isEscalated != 'undefined' && isEscalated == true) {\n    taskDescription = \"ESCALATED: \" + taskDescription;\n}\ntask.name = taskDescription;"},{"name":"language","stringValue":"javascript"}]}]},"emailtemplate":""},"stencil":{"id":"UserTask"},"childShapes":[],"outgoing":[{"resourceId":"sid-32971BD5-72D6-4923-B167-2472589908A9"},{"resourceId":"sid-97D88681-3BA0-45BE-BB0A-4354A0884921"}],"bounds":{"lowerRight":{"x":628.75,"y":331},"upperLeft":{"x":528.75,"y":251}},"dockers":[]},{"resourceId":"sid-E3E736B6-8B7F-405C-844B-816AD6858A05","properties":{"overrideid":"sid-E3E736B6-8B7F-405C-844B-816AD6858A05","name":"Approved","documentation":"","conditionsequenceflow":{"expression":{"index":"0","outcomeFormId":"4","outcomeFormName":"Approve Invoice","rightOutcomeName":"Approve","operator":"==","type":"variables"}},"executionlisteners":{"executionListeners":[]},"defaultflow":"false"},"stencil":{"id":"SequenceFlow"},"childShapes":[],"outgoing":[{"resourceId":"sid-A1F0D372-C9AE-4C09-8E73-259B8DEE7984"}],"bounds":{"lowerRight":{"x":528.1748046875,"y":291},"upperLeft":{"x":419.8525390625,"y":291}},"dockers":[{"x":20,"y":20},{"x":50,"y":40}],"target":{"resourceId":"sid-A1F0D372-C9AE-4C09-8E73-259B8DEE7984"}},{"resourceId":"sid-AD13E6C6-02D8-4F34-9493-56F415729255","properties":{"overrideid":"fileInvoice","name":"File Invoice","documentation":"","asynchronousdefinition":false,"exclusivedefinition":false,"executionlisteners":{"executionListeners":[]},"multiinstance_type":"None","multiinstance_cardinality":"","multiinstance_collection":"","multiinstance_variable":"","multiinstance_condition":"","isforcompensation":false,"servicetaskclass":"","servicetaskexpression":"","servicetaskdelegateexpression":"${fileInvoiceServiceTaskDelegate}","servicetaskfields":{"fields":[{"name":"companyEmail","expression":"${companyemail}"},{"name":"invoiceToFile","expression":"${invoicetobeapproved}"}]},"servicetaskresultvariable":"","executionvariables":""},"stencil":{"id":"ServiceTask"},"childShapes":[],"outgoing":[{"resourceId":"sid-B76B8F48-3830-4DCD-8FE1-8890BDB4777A"}],"bounds":{"lowerRight":{"x":628.75,"y":496},"upperLeft":{"x":528.75,"y":416}},"dockers":[]},{"resourceId":"sid-32971BD5-72D6-4923-B167-2472589908A9","properties":{"overrideid":"sid-32971BD5-72D6-4923-B167-2472589908A9","name":"","documentation":"","conditionsequenceflow":"","executionlisteners":{"executionListeners":[]},"defaultflow":"false"},"stencil":{"id":"SequenceFlow"},"childShapes":[],"outgoing":[{"resourceId":"sid-AD13E6C6-02D8-4F34-9493-56F415729255"}],"bounds":{"lowerRight":{"x":578.75,"y":415.0390625},"upperLeft":{"x":578.75,"y":331.9609375}},"dockers":[{"x":50,"y":40},{"x":50,"y":40}],"target":{"resourceId":"sid-AD13E6C6-02D8-4F34-9493-56F415729255"}},{"resourceId":"sid-97D88681-3BA0-45BE-BB0A-4354A0884921","properties":{"overrideid":"escalatePreparePayment","name":"Escalate task","documentation":"","timercycledefinition":"","timerdatedefinition":"","timerdurationdefinition":"PT2M","cancelactivity":true,"executionlisteners":{"executionListeners":[]},"asynchronousdefinition":false,"exclusivedefinition":false},"stencil":{"id":"BoundaryTimerEvent"},"childShapes":[],"outgoing":[{"resourceId":"sid-E174B2BB-83BF-4443-893A-A411488FE30A"}],"bounds":{"lowerRight":{"x":644.8951215072941,"y":337.1790472094789},"upperLeft":{"x":613.8951215072941,"y":306.1790472094789}},"dockers":[{"x":84.88523239501808,"y":61.13225636957475}]},{"resourceId":"sid-1093876B-D83A-4049-BCA8-01C3DCE79340","properties":{"overrideid":"sendApprovalEmail","name":"Send Approval Email","documentation":"","asynchronousdefinition":false,"exclusivedefinition":false,"executionlisteners":{"executionListeners":[]},"multiinstance_type":"None","multiinstance_cardinality":"","multiinstance_collection":"","multiinstance_variable":"","multiinstance_condition":"","isforcompensation":false,"mailtaskto":{"mailTo":{"type":"initiator"}},"mailtaskfrom":"activiti@mycompany.com","mailtasksubject":"Invoice Approved for Payment","mailtaskcc":"${companyemail}","mailtaskbcc":"","mailtasktext":"Invoice Approved for Payment","mailtaskhtml":"","mailtaskcharset":""},"stencil":{"id":"MailTask"},"childShapes":[],"outgoing":[{"resourceId":"sid-30162F38-6CE2-469A-8F74-C2DDA954ACDF"}],"bounds":{"lowerRight":{"x":790,"y":496},"upperLeft":{"x":690,"y":416}},"dockers":[]},{"resourceId":"sid-B76B8F48-3830-4DCD-8FE1-8890BDB4777A","properties":{"overrideid":"sid-B76B8F48-3830-4DCD-8FE1-8890BDB4777A","name":"","documentation":"","conditionsequenceflow":"","executionlisteners":{"executionListeners":[]},"defaultflow":"false"},"stencil":{"id":"SequenceFlow"},"childShapes":[],"outgoing":[{"resourceId":"sid-1093876B-D83A-4049-BCA8-01C3DCE79340"}],"bounds":{"lowerRight":{"x":689.869140625,"y":456},"upperLeft":{"x":628.880859375,"y":456}},"dockers":[{"x":50,"y":40},{"x":50,"y":40}],"target":{"resourceId":"sid-1093876B-D83A-4049-BCA8-01C3DCE79340"}},{"resourceId":"sid-30162F38-6CE2-469A-8F74-C2DDA954ACDF","properties":{"overrideid":"sid-30162F38-6CE2-469A-8F74-C2DDA954ACDF","name":"","documentation":"","conditionsequenceflow":"","executionlisteners":{"executionListeners":[]},"defaultflow":"false"},"stencil":{"id":"SequenceFlow"},"childShapes":[],"outgoing":[{"resourceId":"sid-DDA7657B-723B-4ECE-A4FC-EBD2221875DD"}],"bounds":{"lowerRight":{"x":824,"y":456},"upperLeft":{"x":790.875,"y":305.53515625}},"dockers":[{"x":50,"y":40},{"x":824,"y":456},{"x":14,"y":14}],"target":{"resourceId":"sid-DDA7657B-723B-4ECE-A4FC-EBD2221875DD"}},{"resourceId":"sid-39DF518F-67D6-4026-A426-5CB473AA8812","properties":{"overrideid":"sid-39DF518F-67D6-4026-A426-5CB473AA8812","name":"","documentation":"","conditionsequenceflow":"","executionlisteners":{"executionListeners":[]},"defaultflow":"false"},"stencil":{"id":"SequenceFlow"},"childShapes":[],"outgoing":[{"resourceId":"sid-CAB02718-6E2B-43BC-9BE3-56051673765D"}],"bounds":{"lowerRight":{"x":380.40625,"y":291},"upperLeft":{"x":280.140625,"y":291}},"dockers":[{"x":50,"y":40},{"x":20,"y":20}],"target":{"resourceId":"sid-CAB02718-6E2B-43BC-9BE3-56051673765D"}},{"resourceId":"sid-E8390411-BE83-4854-A63F-A12927F29D86","properties":{"overrideid":"sid-E8390411-BE83-4854-A63F-A12927F29D86","name":"","documentation":"","conditionsequenceflow":"","executionlisteners":{"executionListeners":[]},"defaultflow":"false"},"stencil":{"id":"SequenceFlow"},"childShapes":[],"outgoing":[{"resourceId":"sid-0B19FE33-967B-4C3A-8DC4-E7D7C6B7069A"}],"bounds":{"lowerRight":{"x":179.78125,"y":291},"upperLeft":{"x":105.21875,"y":291}},"dockers":[{"x":15,"y":15},{"x":50,"y":40}],"target":{"resourceId":"sid-0B19FE33-967B-4C3A-8DC4-E7D7C6B7069A"}},{"resourceId":"sid-E174B2BB-83BF-4443-893A-A411488FE30A","properties":{"overrideid":"sid-E174B2BB-83BF-4443-893A-A411488FE30A","name":"Escalate","documentation":"","conditionsequenceflow":"","executionlisteners":{"executionListeners":[{"event":"take","className":"org.activiti.engine.impl.bpmn.listener.ScriptExecutionListener","fields":[{"name":"script","stringValue":"execution.setVariable('preparePaymentEscalated', true);"},{"name":"language","stringValue":"javascript"}]}]},"defaultflow":"false"},"stencil":{"id":"SequenceFlow"},"childShapes":[],"outgoing":[{"resourceId":"sid-A1F0D372-C9AE-4C09-8E73-259B8DEE7984"}],"bounds":{"lowerRight":{"x":684.5,"y":321.6790472094789},"upperLeft":{"x":629.3202677925266,"y":291.4782058420097}},"dockers":[{"x":15.5,"y":15.5},{"x":684.5,"y":321.6790472094789},{"x":684.5,"y":292},{"x":50,"y":40}],"target":{"resourceId":"sid-A1F0D372-C9AE-4C09-8E73-259B8DEE7984"}},{"resourceId":"sid-14B86B2F-7531-431F-8E05-3C010FE7D0CF","properties":{"overrideid":"sid-14B86B2F-7531-431F-8E05-3C010FE7D0CF","name":"Clarified","documentation":"","conditionsequenceflow":{"expression":{"index":"0","outcomeFormId":"2","outcomeFormName":"Clarify Invoice","rightOutcomeName":"Clarified","operator":"==","type":"advanced","rightOutcomeFormId":"2","rightOutcomeFormName":"Clarify Invoice"}},"executionlisteners":{"executionListeners":[]},"defaultflow":"false"},"stencil":{"id":"SequenceFlow"},"childShapes":[],"outgoing":[{"resourceId":"sid-0B19FE33-967B-4C3A-8DC4-E7D7C6B7069A"}],"bounds":{"lowerRight":{"x":599,"y":250.19140625},"upperLeft":{"x":230,"y":54}},"dockers":[{"x":20,"y":20},{"x":599,"y":54},{"x":230,"y":54},{"x":50,"y":40}],"target":{"resourceId":"sid-0B19FE33-967B-4C3A-8DC4-E7D7C6B7069A"}},{"resourceId":"sid-CD9B2EFC-E410-4F5F-A3CD-B4F0C2E1FE42","properties":{"overrideid":"sid-CD9B2EFC-E410-4F5F-A3CD-B4F0C2E1FE42","name":"Payment Rejected","documentation":"","conditionsequenceflow":{"expression":{"index":"0","outcomeFormId":"2","outcomeFormName":"Clarify Invoice","rightOutcomeName":"Rejected","operator":"==","type":"variables","rightOutcomeFormId":"2","rightOutcomeFormName":"Clarify Invoice"}},"executionlisteners":{"executionListeners":[]},"defaultflow":"false"},"stencil":{"id":"SequenceFlow"},"childShapes":[],"outgoing":[{"resourceId":"sid-DDA7657B-723B-4ECE-A4FC-EBD2221875DD"}],"bounds":{"lowerRight":{"x":824,"y":276.828125},"upperLeft":{"x":618.8789037918107,"y":150.0451860394497}},"dockers":[{"x":20,"y":20},{"x":824,"y":150.5},{"x":14,"y":14}],"target":{"resourceId":"sid-DDA7657B-723B-4ECE-A4FC-EBD2221875DD"}}],"bounds":{"lowerRight":{"x":1200,"y":1050},"upperLeft":{"x":0,"y":0}},"stencilset":{"url":"stencilsets/bpmn2.0/bpmn2.0.json","namespace":"http://b3mn.org/stencilset/bpmn2.0#"},"ssextensions":[]}